<playlistMenu>
 <AddFile src="img/menu/playlistMenu/AddFile.png"/>
 <AddFolder src="img/menu/playlistMenu/AddFolder.png"/>
 <Additional src="img/menu/playlistMenu/Additional.png"/>
 <CheckSelectedChannel src="img/menu/playlistMenu/CheckSelectedChannel.png"/>
 <ClearLastPosition src="img/menu/playlistMenu/ClearLastPosition.png"/>
 <Delete src="img/menu/playlistMenu/Delete.png"/>
 <DeleteAll src="img/menu/playlistMenu/DeleteAll.png"/>
 <DeleteFilter src="img/menu/playlistMenu/DeleteFilter.png"/>
 <FilterByName src="img/menu/playlistMenu/FilterByName.png"/>
 <LoadPlaylist src="img/menu/playlistMenu/LoadPlaylist.png"/>
 <Miscellaneous src="img/menu/playlistMenu/Miscellaneous.png"/>
 <MoveToGroup src="img/menu/playlistMenu/MoveToGroup.png"/>
 <NewChannel src="img/menu/playlistMenu/NewChannel.png"/>
 <NewGroup src="img/menu/playlistMenu/NewGroup.png"/>
 <OpenFolder src="img/menu/playlistMenu/OpenFolder.png"/>
 <PlayInPiP src="img/menu/playlistMenu/PIP.png"/>
 <QuickEPG src="img/menu/playlistMenu/EPG.png"/>
 <Record src="img/menu/playlistMenu/Record.png"/>
 <RefreshChannel src="img/menu/playlistMenu/RefreshChannel.png"/>
 <SelectAll src="img/menu/playlistMenu/SelectAll.png"/>
 <ShowCurrentChannel src="img/menu/playlistMenu/ShowCurrentChannel.png"/>
 <Sorting src="img/menu/playlistMenu/Sorting.png"/>
 <SortingGroup src="img/menu/playlistMenu/Group.png"/>
 <SurfingOnSelectedChannels src="img/menu/playlistMenu/SurfingOnSelectedChannels.png"/>
 <UnloadPlayilst src="img/menu/playlistMenu/save.png"/>
 <UpdateEpg src="img/menu/playlistMenu/UpdateEpg.png"/>
</playlistMenu>
<osdPlaylistMenu>
 <AddFile src="img/menu/osdPlaylistMenu/AddFile.png"/>
 <AddFolder src="img/menu/osdPlaylistMenu/AddFolder.png"/>
 <Additional src="img/menu/osdPlaylistMenu/Additional.png"/>
 <!-- <CheckSelectedChannel src=""/> -->
 <ClearLastPosition src="img/menu/osdPlaylistMenu/ClearLastPosition.png"/>
 <Delete src="img/menu/osdPlaylistMenu/Delete.png"/>
 <DeleteAll src="img/menu/osdPlaylistMenu/DeleteAll.png"/>
 <DeleteFilter src="img/menu/osdPlaylistMenu/DeleteFilter.png"/>
 <FilterByName src="img/menu/osdPlaylistMenu/FilterByName.png"/>
 <LoadPlaylist src="img/menu/osdPlaylistMenu/LoadPlaylist.png"/>
 <Miscellaneous src="img/menu/osdPlaylistMenu/Miscellaneous.png"/>
 <MoveToGroup src="img/menu/osdPlaylistMenu/MoveToGroup.png"/>
 <OpenFolder src="img/menu/osdPlaylistMenu/OpenFolder.png"/>
 <PlayInPiP src="img/menu/osdPlaylistMenu/PIP.png"/>
 <!-- <QuickEPG src=""/> -->
 <Record src="img/menu/osdPlaylistMenu/Record.png"/>
 <RefreshChannel src="img/menu/osdPlaylistMenu/RefreshChannel.png"/>
 <SelectAll src="img/menu/osdPlaylistMenu/SelectAll.png"/>
 <ShowCurrentChannel src="img/menu/osdPlaylistMenu/ShowCurrentChannel.png"/>
 <Sorting src="img/menu/osdPlaylistMenu/Sorting.png"/>
 <SortingGroup src="img/menu/osdPlaylistMenu/SortingGroup.png"/>
 <!-- <SurfingOnSelectedChannels src=""/> -->
 <UnloadPlayilst src="img/menu/osdPlaylistMenu/save.png"/>
 <UpdateEpg src="img/menu/osdPlaylistMenu/UpdateEpg.png"/>
</osdPlaylistMenu>
<extFilterMenu>
 <AttachPlaylistDisabled src="img/menu/extFilterMenu/AttachPlaylistDisabled.png"/>
 <AttachPlaylistTo src="img/menu/extFilterMenu/AttachPlaylistTo.png"/>
 <Delete src="img/menu/extFilterMenu/Delete.png"/>
 <DeleteAll src="img/menu/extFilterMenu/DeleteAll.png"/>
 <DetachPlaylist src="img/menu/extFilterMenu/DetachPlaylist.png"/>
 <Down src="img/menu/extFilterMenu/Down.png"/>
 <!-- <Edit src=""/> -->
 <EditAttached src="img/menu/extFilterMenu/EditAttached.png"/>
 <New src="img/menu/extFilterMenu/New.png"/>
 <RefreshAttached src="img/menu/extFilterMenu/RefreshAttached.png"/>
 <TypeOfSwitches src="img/menu/extFilterMenu/TypeOfSwitches.png"/>
 <Up src="img/menu/extFilterMenu/Up.png"/>
</extFilterMenu>
<systemTrayMenu>
 <ChannelsList src="img/menu/systemTrayMenu/ChannelsList.png"/>
 <Exit src="img/menu/systemTrayMenu/Exit.png"/>
 <HideShow src="img/menu/systemTrayMenu/HideShow.png"/>
 <PlayPause src="img/menu/systemTrayMenu/PlayPause.png"/>
 <Raise src="img/menu/systemTrayMenu/Raise.png"/>
 <RestoreRaise src="img/menu/systemTrayMenu/RestoreRaise.png"/>
 <ShowPreferences src="img/menu/systemTrayMenu/ShowPreferences.png"/>
 <ShowScheduler src="img/menu/systemTrayMenu/ShowScheduler.png"/>
 <Stop src="img/menu/systemTrayMenu/Stop.png"/>
 <StopAllAndQuit src="img/menu/systemTrayMenu/StopAllAndQuit.png"/>
</systemTrayMenu>
<mainMenu>
 <AbortUpdateEpg src="img/menu/mainMenu/AbortUpdateEpg.png"/>
 <About src="img/menu/mainMenu/tv.ico"/>
 <AboutQt src="img/menu/mainMenu/aboutQt.png"/>
 <AddBookmark src="img/menu/mainMenu/AddBookmark.png"/>
 <AddRemoveChannelToFavourites src="img/menu/mainMenu/AddRemoveChannelToFavourites.png"/>
 <AdvancedFilterOnOSD src="img/menu/mainMenu/AdvancedFilterOnOSD.png"/>
 <AlwaysOnTop src="img/menu/mainMenu/AlwaysOnTop.png"/>
 <Audio src="img/menu/mainMenu/Audio.png"/>
 <Audio_ATrack src="img/menu/mainMenu/Audio_ATrack.png"/>
 <Audio_Device src="img/menu/mainMenu/Audio_Device.png"/>
 <Audio_SpeakerConfig src="img/menu/mainMenu/Audio_SpeakerConfig.png"/>
 <Audio_Visual src="img/menu/mainMenu/Audio_Visual.png"/>
 <BookmarkOnOsd src="img/menu/mainMenu/BookmarkOnOsd.png"/>
 <Bookmarks src="img/menu/mainMenu/Bookmarks.png"/>
 <Bugtracker src="img/menu/mainMenu/Bugtracker.png"/>
 <ChannelBackward src="img/menu/mainMenu/ChannelBackward.png"/>
 <ChannelForward src="img/menu/mainMenu/ChannelForward.png"/>
 <ChannelInfo src="img/menu/mainMenu/ChannelInfo.png"/>
 <ChaptersOnOSD src="img/menu/mainMenu/ChaptersOnOSD.png"/>
 <CompactMode src="img/menu/mainMenu/CompactMode.png"/>
 <Control src="img/menu/mainMenu/Control.png"/>
 <ControlChapter src="img/menu/mainMenu/ControlChapter.png"/>
 <ControlChapterItems src="img/menu/mainMenu/ControlChapterItems.png"/>
 <ControlPanel src="img/menu/mainMenu/ControlPanel.png"/>
 <ControlTitle src="img/menu/mainMenu/ControlTitle.png"/>
 <ControlsOnOsd src="img/menu/mainMenu/ControlsOnOsd.png"/>
 <DecreasePlayRate src="img/menu/mainMenu/DecreasePlayRate.png"/>
 <DumpToFile src="img/menu/mainMenu/DumpToFile.png"/>
 <Epg src="img/menu/mainMenu/EPG.png"/>
 <!-- <EpgUpdateSource src=""/> -->
 <ExitTimer src="img/menu/mainMenu/ExitTimer.png"/>
 <FastPlayRate src="img/menu/mainMenu/FastPlayRate.png"/>
 <FavoriteChannelsMedia src="img/menu/mainMenu/FavoriteChannelsMedia.png"/>
 <File src="img/menu/mainMenu/File.png"/>
 <Fullscreen src="img/menu/mainMenu/Fullscreen.png"/>
 <Help src="img/menu/mainMenu/Help.png"/>
 <Homepage src="img/menu/mainMenu/Homepage.png"/>
 <IncreasePlayRate src="img/menu/mainMenu/IncreasePlayRate.png"/>
 <LoadPlaylist src="img/menu/mainMenu/LoadPlaylist.png"/>
 <LoadSubtitleFile src="img/menu/mainMenu/LoadSubtitleFile.png"/>
 <LongSkipBackward src="img/menu/mainMenu/LongSkipBackward.png"/>
 <LongSkipForward src="img/menu/mainMenu/LongSkipForward.png"/>
 <LuaAdditional src="img/menu/mainMenu/LuaAdditional.png"/>
 <MinimizeToTray src="img/menu/mainMenu/MinimizeToTray.png"/>
 <MultiAddress src="img/menu/mainMenu/MultiAddress.png"/>
 <MultiAddressOsd src="img/menu/mainMenu/MultiAddressOsd.png"/>
 <NextChapter src="img/menu/mainMenu/NextChapter.png"/>
 <NormalPlayRate src="img/menu/mainMenu/NormalPlayRate.png"/>
 <OpenClipborad src="img/menu/mainMenu/OpenClipborad.png"/>
 <OpenFile src="img/menu/mainMenu/OpenFile.png"/>
 <OpenRecordFolder src="img/menu/mainMenu/OpenRecordFolder.png"/>
 <OpenUrl src="img/menu/mainMenu/OpenUrl.png"/>
 <OptionsOnOSD src="img/menu/mainMenu/OptionsOnOSD.png"/>
 <OriginalVideoSize src="img/menu/mainMenu/OriginalVideoSize.png"/>
 <OriginalVideoSizeDIV2 src="img/menu/mainMenu/OriginalVideoSizeDIV2.png"/>
 <OriginalVideoSizeMUL2 src="img/menu/mainMenu/OriginalVideoSizeMUL2.png"/>
 <ParentalModeOff src="img/menu/mainMenu/ParentalModeOff.png"/>
 <ParentalModeOn src="img/menu/mainMenu/ParentalModeOn.png"/>
 <Play src="img/menu/mainMenu/Play.png"/>
 <PlaySelectedChannelInPiP src="img/menu/mainMenu/PlaySelectedChannelInPiP.png"/>
 <Playlist src="img/menu/mainMenu/Playlist.png"/>
 <PlaylistPlayMode src="img/menu/mainMenu/PlaylistPlayMode.png"/>
 <Power src="img/menu/mainMenu/Power.png"/>
 <PreviousChannel src="img/menu/mainMenu/PreviousChannel.png"/>
 <PreviousChapter src="img/menu/mainMenu/PreviousChapter.png"/>
 <QuickRecord src="img/menu/mainMenu/QuickRecord.png"/>
 <QuickRecordFromPiP src="img/menu/mainMenu/QuickRecordFromPiP.png"/>
 <Quit src="img/menu/mainMenu/Quit.png"/>
 <RecentMedia src="img/menu/mainMenu/RecentMedia.png"/>
 <RecentMediaDeleteAll src="img/menu/mainMenu/RecentMediaDeleteAll.png"/>
 <Record src="img/menu/mainMenu/Record.png"/>
 <RefreshPlaylist src="img/menu/mainMenu/RefreshPlaylist.png"/>
 <Restart src="img/menu/mainMenu/Restart.png"/>
 <RestartComputer src="img/menu/mainMenu/RestartComputer.png"/>
 <RestartPlaybackInTheCurrentPiP src="img/menu/mainMenu/RestartPlaybackInTheCurrentPiP.png"/>
 <ScalingWindowToFitVideo src="img/menu/mainMenu/ScalingWindowToFitVideo.png"/>
 <Scheduler src="img/menu/mainMenu/Scheduler.png"/>
 <SchedulerOnOSD src="img/menu/mainMenu/SchedulerOnOSD.png"/>
 <Setting src="img/menu/mainMenu/Setting.png"/>
 <ShowCurrentChannel src="img/menu/mainMenu/ShowCurrentChannel.png"/>
 <ShowEpg src="img/menu/mainMenu/ShowEpg.png"/>
 <ShowHidePlaylist src="img/menu/mainMenu/ShowHidePlaylist.png"/>
 <ShowHidePlaylistOnOSD src="img/menu/mainMenu/ShowHidePlaylistOnOSD.png"/>
 <ShowMPiP src="img/menu/mainMenu/ShowMPiP.png"/>
 <ShowMediaInfo src="img/menu/mainMenu/ShowMediaInfo.png"/>
 <ShowMessage src="img/menu/mainMenu/ShowMessage.png"/>
 <ShowOsdEpg  src="img/menu/mainMenu/ShowOsdEpg.png"/>
 <ShowPiP src="img/menu/mainMenu/ShowPiP.png"/>
 <ShowPreviewPiP src="img/menu/mainMenu/ShowPreviewPiP.png"/>
 <ShowScaner src="img/menu/mainMenu/ShowScaner.png"/>
 <ShutdownComputer src="img/menu/mainMenu/ShutdownComputer.png"/>
 <SizeLockMode src="img/menu/mainMenu/SizeLockMode.png"/>
 <SkipBackward src="img/menu/mainMenu/SkipBackward.png"/>
 <SkipForward src="img/menu/mainMenu/SkipForward.png"/>
 <SleepTimer src="img/menu/mainMenu/SleepTimer.png"/>
 <Snapshot src="img/menu/mainMenu/Snapshot.png"/>
 <Stop src="img/menu/mainMenu/Stop.png"/>
 <StopQuickRecord src="img/menu/mainMenu/StopQuickRecord.png"/>
 <Subtitle src="img/menu/mainMenu/Subtitle.png"/>
 <SubtitleAutodetect src="img/menu/mainMenu/SubtitleAutodetect.png"/>
 <SubtitleCoding src="img/menu/mainMenu/SubtitleCoding.png"/>
 <SubtitleDisableAtStart src="img/menu/mainMenu/SubtitleDisableAtStart.png"/>
 <SubtitleTrack src="img/menu/mainMenu/SubtitleTrack.png"/>
 <SwapThePiPSound src="img/menu/mainMenu/SwapThePiPSound.png"/>
 <SwitchingPlaylistTabs src="img/menu/mainMenu/SwitchingPlaylistTabs.png"/>
 <Tools src="img/menu/mainMenu/Tools.png"/>
 <TurnOff src="img/menu/mainMenu/TurnOff.png"/>
 <UnloadPlaylist src="img/menu/mainMenu/save.png"/>
 <UpdateEpg  src="img/menu/mainMenu/UpdateEpg.png"/>
 <Video src="img/menu/mainMenu/Video.png"/>
 <Video_Crop src="img/menu/mainMenu/Video_Crop.png"/>
 <Video_Deint src="img/menu/mainMenu/Video_Deint.png"/>
 <Video_Postproc src="img/menu/mainMenu/Video_Postproc.png"/>
 <Video_Ratio src="img/menu/mainMenu/Video_Ratio.png"/>
 <Video_VTrack src="img/menu/mainMenu/Video_VTrack.png"/>
 <View src="img/menu/mainMenu/View.png"/>
 <ViewSzie src="img/menu/mainMenu/ViewSzie.png"/>
</mainMenu>
<channelsMenu>
 <ExtFilter src="img/menu/channelsMenu/ExtFilter.png"/>
 <Favorite src="img/menu/channelsMenu/Favorite.png"/>
 <Folder src="img/menu/channelsMenu/Folder.png"/>
 <Next src="img/menu/channelsMenu/Next.png"/>
 <Playing src="img/menu/channelsMenu/Playing.png"/>
</channelsMenu>
<mainConfig>
 <Control src="img/menu/mainConfig/Control.png"/>
 <!-- <ControlExt src=""/> -->
 <ControlLirc src="img/menu/mainConfig/ControlLirc.png"/>
 <ControlMouse src="img/menu/mainConfig/ControlMouse.png"/>
 <Epg src="img/menu/mainConfig/EPG.png"/>
 <Extended src="img/menu/mainConfig/Extended.png"/>
 <Language src="img/menu/mainConfig/Language.png"/>
 <MultiPiP src="img/menu/mainConfig/MultiPiP.png"/>
 <Net src="img/menu/mainConfig/Net.png"/>
 <NetChache src="img/menu/mainConfig/NetChache.png"/>
 <NetProxy src="img/menu/mainConfig/NetProxy.png"/>
 <NetProxyScripts src="img/menu/mainConfig/NetProxyScripts.png"/>
 <Osd src="img/menu/mainConfig/Osd.png"/>
 <OsdControlPanel src="img/menu/mainConfig/OsdControlPanel.png"/>
 <OsdExtra src="img/menu/mainConfig/OsdExtra.png"/>
 <OsdSinglePiP src="img/menu/mainConfig/OsdSinglePiP.png"/>
 <ParentalControl src="img/menu/mainConfig/ParentalControl.png"/>
 <Picture src="img/menu/mainConfig/Picture.png"/>
 <PictureAdjust  src="img/menu/mainConfig/PictureAdjust.png"/>
 <Playback src="img/menu/mainConfig/Playback.png"/>
 <PlaybackWatchdog src="img/menu/mainConfig/PlaybackWatchdog.png"/>
 <PreviewPiP src="img/menu/mainConfig/PreviewPiP.png"/>
 <Records src="img/menu/mainConfig/Record.png"/>
 <Scheduler src="img/menu/mainConfig/Scheduler.png"/>
 <Snapshot src="img/menu/mainConfig/Snapshot.png"/>
 <Sound src="img/menu/mainConfig/Sound.png"/>
 <SoundDirectX src="img/menu/mainConfig/SoundDirectX.png"/>
 <SoundVisualization src="img/menu/mainConfig/SoundVisualization.png"/>
 <SoundVisualizationProjectM src="img/menu/mainConfig/SoundVisualizationProjectM.png"/>
 <SoundWave src="img/menu/mainConfig/SoundWave.png"/>
 <Subtitle src="img/menu/mainConfig/Subtitle.png"/>
 <SubtitleTextRenderer src="img/menu/mainConfig/SubtitleTextRenderer.png"/>
 <System src="img/menu/mainConfig/System.png"/>
 <SystemPreferences src="img/menu/mainConfig/SystemPreferences.png"/>
 <SystemScreensaver src="img/menu/mainConfig/SystemScreensaver.png"/>
 <SystemShutdown src="img/menu/mainConfig/SystemShutdown.png"/>
 <Timeshift src="img/menu/mainConfig/Timeshift.png"/>
 <Video src="img/menu/mainConfig/Video.png"/>
 <VideoAVCodec src="img/menu/mainConfig/VideoAVCodec.png"/>
 <VideoModules src="img/menu/mainConfig/VideoModules.png"/>
 <VideoOutput src="img/menu/mainConfig/VideoOutput.png"/>
 <VideoOutputDirect3D9 src="img/menu/mainConfig/VideoOutputDirect3D9.png"/>
 <VideoOutputDirectX src="img/menu/mainConfig/VideoOutputDirectX.png"/>
 <View src="img/menu/mainConfig/View.png"/>
 <ViewControlPanelBase src="img/menu/mainConfig/ViewControlPanelBase.png"/>
 <ViewPlaylist src="img/menu/mainConfig/ViewPlaylist.png"/>
 <ViewSkin src="img/menu/mainConfig/ViewSkin.png"/>
 <ViewWallpaper src="img/menu/mainConfig/ViewWallpaper.png"/>
</mainConfig>